{
	"info": {
		"_postman_id": "9cb1e43d-1149-436a-87be-60343f2c7713",
		"name": "M2-Final_Project",
		"schema": "https://schema.getpostman.com/json/collection/v2.1.0/collection.json",
		"_exporter_id": "24822678"
	},
	"item": [
		{
			"name": "Login",
			"event": [
				{
					"listen": "test",
					"script": {
						"exec": [
							"let jsonData = pm.response.json();\r",
							"pm.collectionVariables.set(\"token\", jsonData.token);\r",
							""
						],
						"type": "text/javascript",
						"packages": {}
					}
				}
			],
			"protocolProfileBehavior": {
				"strictSSL": false
			},
			"request": {
				"method": "POST",
				"header": [],
				"body": {
					"mode": "raw",
					"raw": "{\r\n    \"username\": \"user\",\r\n    \"password\": \"password\"\r\n}",
					"options": {
						"raw": {
							"language": "json"
						}
					}
				},
				"url": {
					"raw": "{{baseUrl}}/login",
					"host": [
						"{{baseUrl}}"
					],
					"path": [
						"login"
					]
				}
			},
			"response": []
		},
		{
			"name": "Register user",
			"request": {
				"method": "POST",
				"header": [],
				"body": {
					"mode": "raw",
					"raw": "{\r\n    \"username\": \"mike\",\r\n    \"password\": \"password\",\r\n    \"confirmPassword\": \"password\",\r\n    \"role\": \"ROLE_USER\"\r\n}",
					"options": {
						"raw": {
							"language": "json"
						}
					}
				},
				"url": {
					"raw": "{{baseUrl}}/register",
					"host": [
						"{{baseUrl}}"
					],
					"path": [
						"register"
					]
				}
			},
			"response": []
		}
	],
	"event": [
		{
			"listen": "prerequest",
			"script": {
				"type": "text/javascript",
				"exec": [
					""
				]
			}
		},
		{
			"listen": "test",
			"script": {
				"type": "text/javascript",
				"exec": [
					""
				]
			}
		}
	],
	"variable": [
		{
			"key": "baseUrl",
			"value": "http://localhost:8080",
			"type": "default"
		},
		{
			"key": "token",
			"value": "eyJhbGciOiJIUzUxMiJ9.eyJzdWIiOiJ1c2VyIiwiYXV0aCI6IlJPTEVfVVNFUiIsImV4cCI6MTY1NzY0MzI3NH0.DVYTDK3fsn80scCDYSCxdN4itbTObMVVzlpJmNZd1pC-Uh1fjLwUPN-du-OjeUTFBtDWvEuPiVjXXd1L_Dzh-A",
			"type": "default"
		}
	]
}